"mz","intensity"
43.0208454933908,0.12
62.9641588292319,0.09
64.9792715950764,0.02
80.9740410407254,1
98.983763265743,0.1
104.973335125039,0.1
