"mz","intensity"
70.0646142010971,0.04
97.0285187033965,0.05
119.034106441369,0.04
130.047869488406,0.03
136.060129879027,1
147.074207188609,0.04
176.993655093545,0.03
244.130043665461,0.04
