"mz","intensity"
81.0447012728423,0.06
122.070114368555,1
126.037244279665,0.17
224.014394631512,0.08
303.979073579599,0.04
