"mz","intensity"
55.0189329140468,0.76
55.9372509382382,1
64.9277665805266,1
73.0294437632517,0.76
77.0432556623179,0.76
91.0540026789637,1
128.059731741914,1
