"mz","intensity"
97.02784861243,0.06
119.035267842042,0.02
135.642930843425,0.02
136.060540053866,1
178.070258946872,0.02
232.080946841871,0.02
348.067711059357,0.02
348.074173222244,0.02
