"mz","intensity"
43.0307834086309,0.1
43.8844429393894,0.02
44.0154627956929,1
45.0235991012561,0.02
