"mz","intensity"
88.0210087616721,0.47
97.028954273565,0.03
119.035137040904,0.02
134.02614201222,0.63
136.060511099437,1
