"mz","intensity"
95.0236497469839,0.03
97.0281659080488,0.09
111.704290496634,0.02
112.050315246672,1
208.068631034191,0.02
