"mz","intensity"
97.0288733696221,0.05
136.060965169077,1
232.082809828165,0.02
312.049199615356,0.02
330.059165574324,0.02
348.071579031409,0.04
410.025490348689,0.04
428.035660262429,0.02
