"mz","intensity"
53.040572883759,0.14
81.0326141961144,0.61
98.984296112729,0.08
109.027520746198,1
