"mz","intensity"
37.0108673660201,0.17
38.0190459147619,0.17
39.0263159997129,0.77
65.0397812020626,1
