"mz","intensity"
43.0316173781682,0.02
60.056326518934,0.04
68.048917505487,0.02
70.0661840251928,1
71.0492897049092,0.02
