"mz","intensity"
53.0399706882886,0.03
81.0336614596067,1
97.0284473749056,0.07
408.907534615909,0.03
