"mz","intensity"
39.0261396466512,0.19
41.0404017162621,0.2
44.9998215571705,0.24
51.0249470313572,0.2
55.0184289112254,0.21
65.039209813594,0.53
68.9518317244333,1
77.0369892237616,0.32
78.048124225593,0.2
83.9339287216212,0.19
91.053104274748,0.91
103.052387375879,0.2
