"mz","intensity"
42.0380960536671,0.07
43.0447488034668,0.04
57.9886571992668,0.12
58.9963592968444,1
76.0214355972369,0.1
