"mz","intensity"
45.0363231128699,0.02
57.0342505831694,0.03
62.9632368783714,0.05
80.9734305191782,0.83
98.9833224683871,1
