"mz","intensity"
43.9858763070826,0.04
55.93548720637,0.02
60.9875819723368,0.06
67.9521161836594,0.02
68.4520416673348,0.2
68.9523398300356,1
81.9370990051892,0.02
