"mz","intensity"
136.061674372116,0.04
159.058178706962,0.02
201.068625644996,0.09
303.135798830463,1
428.036801909185,0.2
810.133871703475,0.05
