"mz","intensity"
28.0255310962581,0.38
29.0169373165084,0.38
30.03794472698,1
42.0143372932863,0.62
42.0216526522521,0.5
44.9988679407156,0.38
47.0119064544148,0.5
59.0139208959419,0.38
