"mz","intensity"
97.0275814473201,0.11
110.034685236692,0.02
119.034833199321,0.02
137.044300021697,1
