"mz","intensity"
41.0407310417474,0.02
69.0343698619578,0.06
97.0275473094853,1
113.033509413214,0.1
