"mz","intensity"
94.0390752294202,0.02
95.0236778360922,0.03
97.0280059832207,0.07
111.70315083481,0.02
112.049444968632,1
