"mz","intensity"
415.152310098346,1
416.141661324338,0.8
431.123225029035,0.61
432.146078245,0.61
611.224010801056,0.61
612.218388562088,0.61
612.24282204457,0.61
