"mz","intensity"
97.0276637418282,0.05
110.0347898028,0.03
135.02871354525,0.12
152.056335366939,1
