"mz","intensity"
91.0537990666125,0.75
92.0566056188657,1
118.060414555821,0.44
119.065595201416,0.32
