"mz","intensity"
61.011427139821,0.04
75.0264497387279,0.04
97.0279174474817,0.02
119.035111171103,0.04
136.060718182408,1
