"mz","intensity"
69.0343587539926,0.02
96.7296983423945,0.02
97.0282781941285,1
98.9834023483184,0.02
149.021497748164,0.03
176.993063818764,0.03
186.911422539178,0.27
288.858752101427,0.1
