"mz","intensity"
95.0246006579695,0.02
97.027637257407,0.02
112.050034858847,1
324.057383553996,0.09
