"mz","intensity"
39.0249085169405,0.46
41.041812667747,1
42.0419103795161,0.42
43.0215101103302,0.42
43.0400204641251,0.29
43.0576091791037,0.73
