"mz","intensity"
61.0296422338951,0.12
69.0323104909163,0.17
81.0342220451211,0.12
85.0278205320102,1
91.0371309381071,0.1
97.0261851795387,0.17
99.0438309507481,0.17
109.027074972114,0.17
115.036948861649,0.11
127.038159332165,0.27
145.046452373728,0.21
145.055236042956,0.14
163.057425141201,0.13
163.06299697338,0.14
