"mz","intensity"
65.0392701363577,0.25
77.0389537942023,1
88.9350013875545,0.23
93.0347745322453,0.33
95.0483490416457,0.72
116.969759807226,0.23
121.025931958234,0.62
136.910405071088,0.28
