"mz","intensity"
136.06166075691,0.04
159.057600379212,0.02
229.100297391365,0.11
331.167180261529,1
428.035719844268,0.25
838.164899580421,0.09
838.170448064427,0.06
