"mz","intensity"
97.0281405769808,1
113.034771782479,0.02
176.993203955035,0.03
209.054795964042,0.02
227.067685723088,0.04
