"mz","intensity"
43.0572168430169,0.03
55.9352472450095,0.02
68.0510446585043,0.04
69.8521757440609,0.02
70.0663633294864,1
71.9290698782652,0.02
