"mz","intensity"
53.941159167661,0.51
67.9526722528693,0.84
68.4512878087528,1
70.9396220284418,0.51
