"mz","intensity"
43.0205681573786,0.1
55.0183434102335,0.03
68.787799051306,0.02
68.9976752350143,1
87.0077882411248,0.09
111.006755973897,0.19
138.999902327767,0.03
154.907205080769,0.02
