"mz","intensity"
39.0269265589402,0.05
55.9354760362281,0.03
65.0401289954269,1
66.0347867659688,0.02
81.9382413433992,0.03
92.0501243948598,0.54
120.043359611534,0.06
