"mz","intensity"
39.0269164311792,0.02
43.0320764494943,0.2
44.0522425331257,0.03
53.0404485020463,0.02
55.0301569701908,0.12
55.0552870978393,0.08
55.9359002634057,0.02
60.0570492598756,0.15
63.9282766604438,0.03
72.0573125041905,0.02
72.0812991410908,1
72.9388472199737,0.03
73.063698226905,0.02
89.9310119493078,0.02
91.055532110626,0.02
97.0770956614532,0.05
115.052465389199,0.03
