"mz","intensity"
79.0529667989021,0.61
81.0699665615924,0.61
95.0884470373553,1
121.097481542763,0.8
