"mz","intensity"
51.9436267881712,0.22
67.9339973956195,0.36
72.9362491982873,1
85.0111012982017,0.33
