"mz","intensity"
42.0366754838377,0.08
43.0446448279853,0.02
43.9199338738564,0.02
44.0527485232823,1
55.9351905246226,0.02
81.9379541460512,0.03
