"mz","intensity"
69.0340049958517,0.23
85.0285408859058,1
97.0301074028812,0.28
109.027114107624,0.25
127.035488804972,0.23
145.049645745835,0.22
