"mz","intensity"
81.0335402802778,0.09
94.0400410448792,0.02
95.0234739434162,0.06
112.050558648536,1
