"mz","intensity"
51.0264937234735,0.48
56.9665501526204,0.27
60.9871102029151,0.6
68.4520965605991,0.31
68.9526479335309,1
71.9304344274361,0.27
77.0372534013062,0.94
