"mz","intensity"
43.0230824909856,0.3
65.0389863359639,1
67.0555357741956,0.4
75.0221644745505,0.4
77.0356887507751,0.7
79.0520443568072,0.3
89.042023766931,0.5
91.0526292308431,0.4
93.0339699174424,0.4
107.049005163965,0.6
121.029850586791,0.7
132.991529959089,0.3
135.044307126397,0.3
139.014008590679,0.3
145.027109561612,0.3
163.042171810797,0.3
173.019840503616,0.3
