"mz","intensity"
55.9466985470856,0.36
67.9353839984671,1
72.9372645366053,0.37
106.947528097738,0.44
122.912552510594,0.42
122.939934114442,0.42
