"mz","intensity"
39.0287879040085,0.51
43.018522292428,0.51
43.0231486299465,0.51
61.9303229991529,0.51
72.9353312025711,1
