"mz","intensity"
94.0403934168206,0.03
110.034072659712,0.05
119.034001994758,0.05
137.045048636844,1
