"mz","intensity"
42.0364126353752,0.04
80.0499004383216,0.02
81.0449784841315,0.25
113.029078047995,0.03
122.070575934754,1
126.035958539088,0.03
144.047303832005,0.24
