"mz","intensity"
53.0401287755234,0.04
80.7876449845492,0.02
81.0338638638351,1
127.048800979261,0.09
