"mz","intensity"
53.039316421662,0.04
80.7868517063478,0.02
81.0331394279907,1
113.033484403339,0.03
