"mz","intensity"
97.0290098166626,0.03
152.055743742765,1
444.024681338965,0.04
444.035191699746,0.05
