"mz","intensity"
97.0266738878895,0.04
136.05927552182,1
348.065374987235,0.07
428.029030950736,0.02
