"mz","intensity"
77.0394799644991,0.06
103.054450206405,0.15
116.04930365688,0.02
128.04889059096,0.02
130.064824043453,1
131.049556888213,0.03
144.043383183954,0.02
158.060385408859,0.11
