"mz","intensity"
81.0332780632446,0.12
110.033260299696,0.02
135.028968485527,0.06
152.055763752655,1
