"mz","intensity"
43.0234164500941,0.67
45.0348244442089,0.51
59.9307785489678,1
77.040532489408,0.51
