"mz","intensity"
81.033589679747,0.1
110.033961913703,0.02
135.029696796464,0.1
152.055497998048,1
