"mz","intensity"
53.0392503347647,0.03
80.7856509348871,0.02
81.0332186825205,1
127.049277931486,0.07
