"mz","intensity"
42.0365065090147,0.03
43.0318692166406,0.37
44.0398332446785,0.02
44.0519945179291,1
55.9365350481363,0.04
58.0535204151005,0.02
62.9301088056591,0.03
62.9817322132752,0.04
67.9351294212758,0.02
69.0452220583556,0.02
72.0567710967113,0.05
72.9383398283145,0.02
87.0793362718453,0.02
90.0548672660039,0.02
