"mz","intensity"
43.0575909602094,0.03
68.0501548942922,0.02
70.0662380345248,1
72.9871776460543,0.02
86.060220359848,0.02
113.069971646399,0.03
