"mz","intensity"
68.9499197714093,1
77.0412569322209,1
87.9028967992103,0.8
104.90337134968,0.8
