"mz","intensity"
69.0452977783218,0.02
94.0388030834372,0.04
95.0234761334176,0.1
112.05054376285,1
