"mz","intensity"
69.0333902464537,0.02
80.0498748251245,0.05
97.0277520974037,0.28
123.054555503503,1
