"mz","intensity"
39.0254577787389,0.03
55.0189191505179,0.08
68.7867986457459,0.02
68.9975045010342,1
111.006407152565,0.16
