"mz","intensity"
61.0286751785609,0.11
69.0334800308536,0.07
73.029750941375,0.1
81.0347339507545,0.04
85.0285636980523,0.79
91.0396166636702,0.65
97.0264427280811,0.3
99.0433029376187,0.06
103.037259025336,0.1
109.027296747145,0.09
115.038318042409,0.1
117.054667057024,0.04
127.038829671139,0.46
145.048850416582,0.94
163.059834956984,1
