"mz","intensity"
53.0397157155031,0.02
81.0339034915867,1
112.051224376057,0.02
113.053162440227,0.02
