"mz","intensity"
37.011387036151,0.09
39.0261568423792,0.26
65.0391892313891,1
77.0384141634202,0.12
91.0542602181623,0.12
93.0335750870226,0.19
121.028527591255,0.08
