"mz","intensity"
120.043053018204,0.17
136.049515347946,0.03
150.075278719726,0.03
161.043824989544,0.06
178.072228424898,1
297.11092106632,0.04
