"mz","intensity"
56.0510185857654,0.02
67.0547230185531,0.02
84.0442212557494,0.02
84.0815999902044,1
130.085865345066,0.04
