"mz","intensity"
95.0831425080354,0.28
109.100884651479,0.17
183.171402391041,0.38
439.378508170492,1
