"mz","intensity"
43.0211659640871,0.23
46.0312139354196,0.12
70.0288919595406,0.38
71.0132227961165,0.02
74.0238192696208,1
88.039741323087,0.24
99.0064091198553,0.04
