"mz","intensity"
60.9882492085513,0.2
65.0398333614382,0.43
66.047636576644,0.25
77.0383650238076,0.34
79.0546468019385,0.2
91.0540130709693,1
94.040883422583,0.6
103.054797672465,0.29
107.047410237621,0.25
122.03575283629,0.55
137.058020442202,0.48
152.058280989563,0.19
