"mz","intensity"
44.0516596717503,0.02
45.0600544142231,0.08
47.9688533463814,0.08
55.9360241646245,0.03
62.9905945008756,0.03
64.9706314345833,1
81.9382800801702,0.04
