"mz","intensity"
56.0511009758543,0.02
88.0219420523361,1
134.027256131138,0.05
190.999724582542,0.02
