"mz","intensity"
73.0287115810917,0.02
94.0401447061322,0.02
99.0442958872022,0.02
117.053665521281,0.02
119.03508907224,0.08
136.060557603809,1
