"mz","intensity"
108.055118129741,0.02
120.043580025115,0.22
176.055898299886,0.23
267.095427268904,0.02
295.094726143088,1
