"mz","intensity"
73.0477594461072,1
136.058754357803,0.8
147.001999637437,0.8
207.030197660976,0.61
326.973988930012,0.61
