"mz","intensity"
37.0104282467498,0.24
38.0204469811392,0.29
39.0264556799536,0.82
65.0397961580444,1
94.0423986211057,0.25
