"mz","intensity"
31.0159881922704,0.33
60.9849897360435,1
77.0350205751862,0.27
91.0524117836483,0.16
