"mz","intensity"
41.0422614955731,0.02
56.0510610291501,0.05
58.9960992092008,0.05
76.0222122685987,0.1
80.0495212938778,0.02
84.0455125042209,1
85.0285903360612,0.02
86.9899636382467,0.05
102.054926256712,0.02
105.00015699387,0.04
122.025910014116,0.02
130.049030846206,0.04
142.03200555513,0.06
