"mz","intensity"
136.061683494781,0.03
159.057858396169,0.02
229.100790042995,0.13
331.167662173267,1
410.026599083783,0.02
428.036667950285,0.31
429.146445277523,0.02
838.16571059809,0.09
