"mz","intensity"
65.0392940812625,0.03
77.0384176266884,0.17
79.054774009389,0.19
106.06467729003,0.4
134.059033254913,1
151.085713481944,0.02
