"mz","intensity"
41.0404628914,0.02
69.0343142198961,0.04
96.7296280201286,0.02
97.0275056421846,1
110.033847460316,0.06
136.012734142051,0.08
153.038687482038,0.38
