"mz","intensity"
81.03300062365,0.12
94.0393162534146,0.02
95.0240307489686,0.04
111.705139430333,0.02
112.049711245283,1
