"mz","intensity"
60.9871886866902,1
78.9958707846989,0.7
136.907249129545,0.27
152.058785535822,0.3
