"mz","intensity"
37.0070112219747,0.02
39.0226276876155,0.38
65.0381155930374,1
81.0312683767293,0.04
93.0316182142333,0.02
110.034262366443,0.04
