"mz","intensity"
39.0216474415371,0.02
43.0168844397167,1
45.0323454639272,0.02
55.9332044885429,0.02
72.9352231512607,0.02
