"mz","intensity"
58.0663630938905,0.06
70.0651092987421,0.02
72.0808216275319,0.04
84.0813210834183,1
112.11178855921,0.43
