"mz","intensity"
42.036569677981,0.04
43.0327142925423,0.36
44.0181535576501,0.02
44.0528584787925,1
55.935422453627,0.02
72.0447492471409,0.02
72.938233857016,0.1
