"mz","intensity"
43.0568208602493,0.03
55.9354073818757,0.04
68.0502159396907,0.04
70.0663282692316,1
71.9300024841249,0.03
74.9342539740137,0.03
