"mz","intensity"
42.0363715263582,0.04
43.0445015976421,0.02
58.0670578661009,1
59.074447191298,0.06
