"mz","intensity"
39.025857215704,0.45
43.0205305867946,0.39
65.0385130287654,1
77.0380742783016,0.37
91.0543925969932,0.37
