"mz","intensity"
41.0014485447257,0.07
43.0166373940316,0.02
44.0125862477506,0.16
61.0386083105443,0.02
68.0119408156265,0.02
68.9956581426238,1
69.991015238217,0.03
