"mz","intensity"
37.0067607888679,0.04
38.014806600744,0.03
39.0223940110908,0.41
60.9851161307281,0.02
65.0378016503571,1
93.0313958131527,0.1
121.025822476238,0.06
