"mz","intensity"
73.0462536012542,0.02
89.0390443447307,0.08
107.048926821112,0.02
117.033712339293,0.12
135.043918894775,0.18
145.027806895896,0.25
163.038202087286,1
