"mz","intensity"
42.0373331085993,0.02
44.0529346296892,1
70.0660520579053,0.02
90.053253521744,0.02
