"mz","intensity"
72.9866250646276,0.03
77.0387794223174,0.22
102.046099890819,0.02
103.053219532997,0.45
104.049291728094,0.02
117.056869778208,0.03
128.049081628025,0.05
130.064981942915,1
