"mz","intensity"
39.0261701217977,0.29
41.0413798843455,0.95
43.0212894635722,0.21
43.0575299012185,1
53.9410159403879,0.15
77.0369733369116,0.16
79.942539577127,0.23
