"mz","intensity"
42.0364837532917,0.02
81.0452054157816,0.14
122.071054830471,1
126.036283969601,0.24
224.013708714764,0.02
