"mz","intensity"
42.0366703736411,0.27
43.0440662850849,0.1
44.052188401194,0.16
56.0507030274624,0.04
57.890922430293,0.02
58.0665048038339,1
62.9830862827057,0.05
