"mz","intensity"
38.0186352757708,0.04
39.0267962394733,0.14
41.0424415664633,0.1
43.020516233128,0.48
44.999756246815,0.23
45.0365846633248,1
51.0246900777668,0.06
