"mz","intensity"
43.0207235115103,0.51
44.9970480777818,0.51
49.9893012018706,1
56.9653093586818,0.51
65.043672815708,0.51
72.9389075958705,0.84
81.9400303775163,0.51
