"mz","intensity"
69.035010983736,0.03
78.0346375389803,0.03
80.0499566762794,0.03
96.7318173501783,0.02
97.0290990802484,0.49
106.028822510898,0.02
123.65654509369,0.02
124.039537613072,1
