"mz","intensity"
37.0113710339471,0.02
39.0268845683242,0.08
41.0422079518138,0.12
58.0670994337693,0.11
68.050471575909,1
86.060443984756,0.22
