"mz","intensity"
43.0201693937133,0.1
53.040044821187,0.05
68.9968715245048,0.03
69.0332143440173,0.1
71.0496212506533,0.04
73.0293835145996,0.03
80.9738013656073,0.04
81.0328742164917,0.15
83.0124280563575,0.04
85.027651338514,0.1
97.0278558648184,0.03
98.9830260326505,0.41
99.0432483534535,0.15
109.02751806168,0.42
126.646629202146,0.03
127.037752682234,1
