"mz","intensity"
43.0169199744298,1
44.0501119916717,0.75
60.044421415039,1
71.0307031732911,1
72.0406553923599,0.75
96.0110945811813,0.75
106.083201616577,0.75
