"mz","intensity"
85.0283951970646,0.03
97.0285583414248,0.02
98.9838123584404,0.04
119.035778769394,0.03
136.060560328894,1
