"mz","intensity"
51.0249936490774,0.04
77.0382536770012,1
105.033623253328,0.49
120.953895994346,0.02
