"mz","intensity"
40.0212806248076,0.03
41.0292112520321,0.12
42.0245931978428,0.02
42.036495728191,0.69
55.9354732016352,0.04
68.8356389359934,0.02
69.0452698590203,1
