"mz","intensity"
37.0118019247888,0.14
38.018436790955,0.17
39.0262090321384,1
41.0415239705046,0.94
44.0540373485897,0.12
69.0707928201447,0.18
86.0958891484172,0.29
