"mz","intensity"
39.0255547213708,1
39.0326049988229,0.5
41.0425779420521,0.5
43.0178486893256,0.7
45.0007342673174,0.4
67.0174358626965,0.5
85.0280519433021,0.4
