"mz","intensity"
89.0390227605612,0.53
101.038120144156,0.02
116.049799720473,0.79
144.043987328392,1
162.054076671161,0.02
