"mz","intensity"
56.0509168294085,0.06
73.0111805591949,0.02
88.0212519228152,1
90.0376463628244,0.38
118.032948617163,0.03
134.026465422311,0.2
136.04271099465,0.06
