"mz","intensity"
43.0207226698752,0.34
45.0349472921261,0.34
55.0060189165775,0.3
67.0029304127451,0.4
77.0374802392624,0.34
79.0012185357438,0.34
82.9983883655789,0.5
94.9981257080316,1
