"mz","intensity"
43.0209667827667,1
58.0666128710771,0.04
60.0820094389658,0.03
87.0445437042394,0.63
