"mz","intensity"
42.0248089256772,0.05
42.9026414606689,0.02
43.0200281716694,0.05
43.0320968753908,1
55.0306696027291,0.02
57.0458742581632,0.59
