"mz","intensity"
39.0259260457162,0.61
68.0233453652132,0.8
71.0106679961305,1
72.9362430597312,0.61
77.0416326051676,0.61
