"mz","intensity"
42.0370165944104,0.03
43.032391743123,0.23
44.0158293358114,0.08
44.0518427441927,0.94
61.9795284535859,0.02
62.9642823426,0.02
69.0445438950819,0.04
72.0449986826463,0.03
79.9894983180679,0.06
80.974016461254,0.21
86.0718099318492,0.05
87.0555245963533,0.16
90.0541445742695,0.21
97.9999150976008,0.08
104.984116464264,0.11
105.967785842591,0.14
114.065800549873,0.22
115.047279869514,0.03
122.993689494493,0.29
123.979327577974,1
