"mz","intensity"
77.0388537879663,0.11
104.04798884547,0.08
105.033015643572,0.02
132.043307734346,1
160.039051499832,0.22
