"mz","intensity"
43.0212941795385,0.03
57.0354969495928,0.04
60.0824740186726,0.03
84.0808544606826,0.04
85.0289174099229,1
