"mz","intensity"
43.0206250144952,0.25
55.0558108652828,0.09
60.0455682971885,0.03
72.081794972296,1
