"mz","intensity"
54.0360439377499,0.19
80.7968381522823,0.02
81.0455367674051,1
82.0531220427518,0.04
