"mz","intensity"
60.0825797816285,0.05
71.0862644320082,0.02
85.0288114359995,1
144.102261192451,0.04
400.342428305148,0.03
