"mz","intensity"
44.0173668648302,0.03
44.0511941179796,0.16
46.0308864430082,0.03
54.0347837472613,0.8
55.018104016912,0.32
71.8260037973581,0.02
72.0443828536228,0.58
73.0278209240268,0.02
74.0237423222724,0.28
81.7783214706567,0.02
82.0284008754761,0.9
83.0126339146612,0.2
99.7305862066698,0.02
100.039234045093,1
