"mz","intensity"
54.0352760815542,0.15
55.0197384413076,0.09
69.7793768948789,0.02
69.9934477152727,1
82.0294975146921,0.13
