"mz","intensity"
81.0335679806049,0.2
94.0382013234565,0.02
110.033636657728,0.03
119.034320802459,0.03
124.037723281931,0.02
137.044612619402,1
