"mz","intensity"
53.0404657404977,0.11
69.0337214064533,0.06
81.032814869261,0.56
85.0301563106643,0.07
97.0264895528172,0.05
98.9836125487293,0.11
109.027461754036,1
