"mz","intensity"
64.9793361310831,0.08
80.9734659697999,0.05
94.9891753147053,0.08
98.9844786890164,0.36
122.983089370756,1
140.994295299285,0.11
168.989873700198,0.03
