"mz","intensity"
61.9296742649638,0.44
71.9302269874102,0.51
72.9369545902167,1
77.0396128938378,0.37
91.0558522686408,0.47
115.053367583943,0.39
