"mz","intensity"
347.170540498658,1
774.104666106182,1
802.145872267749,0.67
854.150144853223,0.67
