"mz","intensity"
77.0387360487096,0.07
79.0549658186986,0.03
91.0537832016621,0.04
93.0703334464791,0.06
103.054400532293,0.34
120.080965371898,1
