"mz","intensity"
46.0675619658232,0.11
70.0661151403889,1
71.060542899387,0.26
72.0816969169723,0.02
88.0870347972841,0.07
116.069439164283,0.02
158.127616541798,0.02
