"mz","intensity"
56.0511409160934,0.07
60.0824394291333,0.06
67.0549439761383,0.1
84.0806444361791,1
85.0652269526641,0.02
