"mz","intensity"
39.0262756143079,0.02
65.0398174611267,0.4
79.0544746058911,0.02
91.054351268924,1
119.04827594089,0.05
