"mz","intensity"
97.0276580126344,0.04
136.060639677915,0.12
162.077190164668,0.17
188.055587417561,0.05
192.052232893855,0.1
206.067079398711,0.1
234.061379515586,0.11
252.072555801846,1
