"mz","intensity"
69.0339397795211,0.05
70.0665808474499,0.04
80.0486026510311,0.04
81.0345975081102,0.05
84.0439647440859,0.1
96.0445047554067,0.23
97.0289323039874,0.06
98.0609493968103,0.14
99.0443447623602,0.04
109.027074907047,0.09
126.054610542574,0.23
127.0386945348,0.05
137.628308459593,0.03
138.054080233199,1
144.063471932578,0.32
168.062949632541,0.07
168.067209432686,0.1
186.074430643711,0.05
