"mz","intensity"
69.03433105469,0.02
82.0408024928717,0.02
97.0286973468075,0.31
110.034474879662,1
127.060601315553,0.06
152.045594667996,0.03
188.045695538356,0.03
