"mz","intensity"
56.0503512552787,0.03
84.0441074320916,1
85.0284567175909,0.03
102.054340245371,0.09
130.048585685341,0.08
168.065530425643,0.06
