"mz","intensity"
56.9434326225484,0.61
60.9876434619132,1
88.0761683219171,0.61
91.0531932471486,0.61
