"mz","intensity"
57.9360189056446,0.62
58.9441713373814,0.4
98.9608800237184,1
115.052736700211,0.47
120.951676619044,0.76
126.965387987928,0.58
141.069288727338,0.83
142.076341765868,0.58
