"mz","intensity"
71.0495105934034,0.04
85.0281268789453,0.07
129.054556162097,0.03
303.050138954552,1
