"mz","intensity"
43.0555869809022,0.02
68.0496369830691,0.05
70.0658029355828,1
71.049156139113,0.02
76.0510571840984,0.06
