"mz","intensity"
41.0402070180567,1
45.0370949336649,1
51.0232644914163,0.76
59.0532931825377,0.76
