"mz","intensity"
103.054088135251,0.51
107.047356681057,0.51
121.066787718589,0.51
131.049333035294,0.51
147.039826484248,1
149.056622079594,0.51
