"mz","intensity"
40.0220093480165,0.06
43.0310597752506,0.02
51.013069748933,0.02
52.0200865085275,0.56
54.035452870071,0.1
65.0141580628608,0.02
67.0290196705806,0.05
68.0144187978298,0.04
68.0248423551723,0.04
69.009228476202,0.13
69.0227150005179,0.03
79.029465259074,0.07
80.0133723647097,0.29
82.0398669027857,0.03
93.0095788090269,0.02
93.9917105365412,0.03
107.035863081916,0.02
110.035461248207,0.14
135.029544606385,0.11
135.592465577515,0.02
136.013444511256,1
