"mz","intensity"
39.0262304807999,0.02
65.0402172481199,0.34
72.9379060100253,0.03
93.0335844074269,0.29
120.653620161851,0.02
121.028689654275,1
