"mz","intensity"
43.0566765739175,0.51
57.0707167770335,1
69.0725062248866,0.51
71.0847287424729,0.84
83.0870343105237,0.51
89.0566358150462,0.51
97.0980596139949,0.51
