"mz","intensity"
81.0719778561927,1
95.0864768774899,1
97.0678936011018,1
98.065565518467,1
133.100649265537,1
135.113254359173,1
145.100188231095,1
149.134699653812,1
403.235143577762,1
